date_str,day_idx,hour_idx,time_key,resolution_stride,resolution_label,variant,smooth,mean_design,fit_type,model,kernel,coord_mode,loss,fit_iter_raw,fit_steps_reported,precompute_s,fit_s,total_s,n_grid,n_valid,valid_fraction,est_sigmasq,est_range,est_nugget,n_batches,n_tails,mean_m,max_m,largest_batch_n,total_conditioning_nominal,limit_A,profile_type,fixed_sigmasq,fixed_range,fixed_nugget
20240703,2,0,2024_07_y24m07day03_hm00:53,8,x8,nugget_free,0.5000,lat,sigma_only,HybridSpaceIso_A10_exactloc,hybrid_space_iso_tonly_exactloc,"2D grid thinning by stride in both lat/lon, then max-min hybrid ordering; covariance on Source_Latitude/Source_Longitude",1.7102,0,1,0.0014,0.0024,0.0038,300,300,1.0000,7.1901,1.2351,7.4121,1,300,10.0000,10,300,10,10,sigma_only,,1.2351,7.4121
20240703,2,0,2024_07_y24m07day03_hm00:53,8,x8,nugget_free,0.5000,lat,range_only,HybridSpaceIso_A10_exactloc,hybrid_space_iso_tonly_exactloc,"2D grid thinning by stride in both lat/lon, then max-min hybrid ordering; covariance on Source_Latitude/Source_Longitude",1.7102,0,1,0.0014,0.0018,0.0032,300,300,1.0000,7.1901,1.2351,7.4121,1,300,10.0000,10,300,10,10,range_only,7.1901,,7.4121
20240703,2,0,2024_07_y24m07day03_hm00:53,4,x4,nugget_free,0.5000,lat,sigma_only,HybridSpaceIso_A10_exactloc,hybrid_space_iso_tonly_exactloc,"2D grid thinning by stride in both lat/lon, then max-min hybrid ordering; covariance on Source_Latitude/Source_Longitude",1.5891,0,1,0.0062,0.0554,0.0616,1160,1160,1.0000,10.2637,0.6361,4.3236,1,1160,10.0000,10,1160,10,10,sigma_only,,0.6361,4.3236
20240703,2,0,2024_07_y24m07day03_hm00:53,4,x4,nugget_free,0.5000,lat,range_only,HybridSpaceIso_A10_exactloc,hybrid_space_iso_tonly_exactloc,"2D grid thinning by stride in both lat/lon, then max-min hybrid ordering; covariance on Source_Latitude/Source_Longitude",1.5891,0,1,0.0062,0.0439,0.0501,1160,1160,1.0000,10.2637,0.6361,4.3236,1,1160,10.0000,10,1160,10,10,range_only,10.2637,,4.3236
20240703,2,0,2024_07_y24m07day03_hm00:53,2,x2,nugget_free,0.5000,lat,sigma_only,HybridSpaceIso_A10_exactloc,hybrid_space_iso_tonly_exactloc,"2D grid thinning by stride in both lat/lon, then max-min hybrid ordering; covariance on Source_Latitude/Source_Longitude",1.6974,0,1,0.0578,0.1962,0.2540,4560,4531,0.9936,12.7624,1.1853,8.3748,1,4531,10.0000,10,4531,10,10,sigma_only,,1.1853,8.3748
20240703,2,0,2024_07_y24m07day03_hm00:53,2,x2,nugget_free,0.5000,lat,range_only,HybridSpaceIso_A10_exactloc,hybrid_space_iso_tonly_exactloc,"2D grid thinning by stride in both lat/lon, then max-min hybrid ordering; covariance on Source_Latitude/Source_Longitude",1.6974,0,1,0.0578,0.0181,0.0759,4560,4531,0.9936,12.7624,1.1853,8.3748,1,4531,10.0000,10,4531,10,10,range_only,12.7624,,8.3748
20240703,2,0,2024_07_y24m07day03_hm00:53,1,x1,nugget_free,0.5000,lat,sigma_only,HybridSpaceIso_A10_exactloc,hybrid_space_iso_tonly_exactloc,"2D grid thinning by stride in both lat/lon, then max-min hybrid ordering; covariance on Source_Latitude/Source_Longitude",1.4083,0,1,0.0941,0.2111,0.3053,18126,18067,0.9967,11.6059,0.2764,3.0436,1,18067,10.0000,10,18067,10,10,sigma_only,,0.2764,3.0436
20240703,2,0,2024_07_y24m07day03_hm00:53,1,x1,nugget_free,0.5000,lat,range_only,HybridSpaceIso_A10_exactloc,hybrid_space_iso_tonly_exactloc,"2D grid thinning by stride in both lat/lon, then max-min hybrid ordering; covariance on Source_Latitude/Source_Longitude",1.4083,0,1,0.0941,0.0881,0.1822,18126,18067,0.9967,11.6059,0.2764,3.0436,1,18067,10.0000,10,18067,10,10,range_only,11.6059,,3.0436
20240703,2,1,2024_07_y24m07day03_hm01:53,8,x8,nugget_free,0.5000,lat,sigma_only,HybridSpaceIso_A10_exactloc,hybrid_space_iso_tonly_exactloc,"2D grid thinning by stride in both lat/lon, then max-min hybrid ordering; covariance on Source_Latitude/Source_Longitude",1.7402,0,1,0.0011,0.0019,0.0030,300,293,0.9767,8.7055,1.4751,7.8246,1,293,10.0000,10,293,10,10,sigma_only,,1.4751,7.8246
20240703,2,1,2024_07_y24m07day03_hm01:53,8,x8,nugget_free,0.5000,lat,range_only,HybridSpaceIso_A10_exactloc,hybrid_space_iso_tonly_exactloc,"2D grid thinning by stride in both lat/lon, then max-min hybrid ordering; covariance on Source_Latitude/Source_Longitude",1.7402,0,1,0.0011,0.0019,0.0031,300,293,0.9767,8.7055,1.4751,7.8246,1,293,10.0000,10,293,10,10,range_only,8.7055,,7.8246
20240703,2,1,2024_07_y24m07day03_hm01:53,4,x4,nugget_free,0.5000,lat,sigma_only,HybridSpaceIso_A10_exactloc,hybrid_space_iso_tonly_exactloc,"2D grid thinning by stride in both lat/lon, then max-min hybrid ordering; covariance on Source_Latitude/Source_Longitude",1.6328,0,1,0.0099,0.0270,0.0369,1160,1134,0.9776,11.2408,1.0098,5.8459,1,1134,10.0000,10,1134,10,10,sigma_only,,1.0098,5.8459
20240703,2,1,2024_07_y24m07day03_hm01:53,4,x4,nugget_free,0.5000,lat,range_only,HybridSpaceIso_A10_exactloc,hybrid_space_iso_tonly_exactloc,"2D grid thinning by stride in both lat/lon, then max-min hybrid ordering; covariance on Source_Latitude/Source_Longitude",1.6328,0,1,0.0099,0.0456,0.0555,1160,1134,0.9776,11.2408,1.0098,5.8459,1,1134,10.0000,10,1134,10,10,range_only,11.2408,,5.8459
20240703,2,1,2024_07_y24m07day03_hm01:53,2,x2,nugget_free,0.5000,lat,sigma_only,HybridSpaceIso_A10_exactloc,hybrid_space_iso_tonly_exactloc,"2D grid thinning by stride in both lat/lon, then max-min hybrid ordering; covariance on Source_Latitude/Source_Longitude",1.5096,0,1,0.0299,0.1876,0.2175,4560,4437,0.9730,12.6392,0.5295,3.8853,1,4437,10.0000,10,4437,10,10,sigma_only,,0.5295,3.8853
20240703,2,1,2024_07_y24m07day03_hm01:53,2,x2,nugget_free,0.5000,lat,range_only,HybridSpaceIso_A10_exactloc,hybrid_space_iso_tonly_exactloc,"2D grid thinning by stride in both lat/lon, then max-min hybrid ordering; covariance on Source_Latitude/Source_Longitude",1.5096,0,1,0.0299,0.0533,0.0832,4560,4437,0.9730,12.6392,0.5295,3.8853,1,4437,10.0000,10,4437,10,10,range_only,12.6392,,3.8853
20240703,2,1,2024_07_y24m07day03_hm01:53,1,x1,nugget_free,0.5000,lat,sigma_only,HybridSpaceIso_A10_exactloc,hybrid_space_iso_tonly_exactloc,"2D grid thinning by stride in both lat/lon, then max-min hybrid ordering; covariance on Source_Latitude/Source_Longitude",1.3522,0,1,0.0920,0.2228,0.3148,18126,17670,0.9748,13.9717,0.2874,2.1519,1,17670,10.0000,10,17670,10,10,sigma_only,,0.2874,2.1519
20240703,2,1,2024_07_y24m07day03_hm01:53,1,x1,nugget_free,0.5000,lat,range_only,HybridSpaceIso_A10_exactloc,hybrid_space_iso_tonly_exactloc,"2D grid thinning by stride in both lat/lon, then max-min hybrid ordering; covariance on Source_Latitude/Source_Longitude",1.3522,0,1,0.0920,0.0800,0.1720,18126,17670,0.9748,13.9717,0.2874,2.1519,1,17670,10.0000,10,17670,10,10,range_only,13.9717,,2.1519
20240703,2,2,2024_07_y24m07day03_hm02:53,8,x8,nugget_free,0.5000,lat,sigma_only,HybridSpaceIso_A10_exactloc,hybrid_space_iso_tonly_exactloc,"2D grid thinning by stride in both lat/lon, then max-min hybrid ordering; covariance on Source_Latitude/Source_Longitude",1.8468,0,1,0.0011,0.0017,0.0028,300,272,0.9067,9.6332,0.9745,8.9436,1,272,10.0000,10,272,10,10,sigma_only,,0.9745,8.9436
20240703,2,2,2024_07_y24m07day03_hm02:53,8,x8,nugget_free,0.5000,lat,range_only,HybridSpaceIso_A10_exactloc,hybrid_space_iso_tonly_exactloc,"2D grid thinning by stride in both lat/lon, then max-min hybrid ordering; covariance on Source_Latitude/Source_Longitude",1.8468,0,1,0.0011,0.0015,0.0026,300,272,0.9067,9.6332,0.9745,8.9436,1,272,10.0000,10,272,10,10,range_only,9.6332,,8.9436
20240703,2,2,2024_07_y24m07day03_hm02:53,4,x4,nugget_free,0.5000,lat,sigma_only,HybridSpaceIso_A10_exactloc,hybrid_space_iso_tonly_exactloc,"2D grid thinning by stride in both lat/lon, then max-min hybrid ordering; covariance on Source_Latitude/Source_Longitude",1.7252,0,1,0.0127,0.0298,0.0425,1160,1064,0.9172,11.7903,0.8419,6.9313,1,1064,10.0000,10,1064,10,10,sigma_only,,0.8419,6.9313
20240703,2,2,2024_07_y24m07day03_hm02:53,4,x4,nugget_free,0.5000,lat,range_only,HybridSpaceIso_A10_exactloc,hybrid_space_iso_tonly_exactloc,"2D grid thinning by stride in both lat/lon, then max-min hybrid ordering; covariance on Source_Latitude/Source_Longitude",1.7252,0,1,0.0127,0.0369,0.0496,1160,1064,0.9172,11.7903,0.8419,6.9313,1,1064,10.0000,10,1064,10,10,range_only,11.7903,,6.9313
20240703,2,2,2024_07_y24m07day03_hm02:53,2,x2,nugget_free,0.5000,lat,sigma_only,HybridSpaceIso_A10_exactloc,hybrid_space_iso_tonly_exactloc,"2D grid thinning by stride in both lat/lon, then max-min hybrid ordering; covariance on Source_Latitude/Source_Longitude",1.5713,0,1,0.0286,0.2040,0.2327,4560,4183,0.9173,14.4290,0.4661,3.9822,1,4183,10.0000,10,4183,10,10,sigma_only,,0.4661,3.9822
20240703,2,2,2024_07_y24m07day03_hm02:53,2,x2,nugget_free,0.5000,lat,range_only,HybridSpaceIso_A10_exactloc,hybrid_space_iso_tonly_exactloc,"2D grid thinning by stride in both lat/lon, then max-min hybrid ordering; covariance on Source_Latitude/Source_Longitude",1.5713,0,1,0.0286,0.0418,0.0705,4560,4183,0.9173,14.4290,0.4661,3.9822,1,4183,10.0000,10,4183,10,10,range_only,14.4290,,3.9822
20240703,2,2,2024_07_y24m07day03_hm02:53,1,x1,nugget_free,0.5000,lat,sigma_only,HybridSpaceIso_A10_exactloc,hybrid_space_iso_tonly_exactloc,"2D grid thinning by stride in both lat/lon, then max-min hybrid ordering; covariance on Source_Latitude/Source_Longitude",1.3542,0,1,0.0684,0.2471,0.3155,18126,16698,0.9212,16.0624,0.2603,1.5576,1,16698,10.0000,10,16698,10,10,sigma_only,,0.2603,1.5576
20240703,2,2,2024_07_y24m07day03_hm02:53,1,x1,nugget_free,0.5000,lat,range_only,HybridSpaceIso_A10_exactloc,hybrid_space_iso_tonly_exactloc,"2D grid thinning by stride in both lat/lon, then max-min hybrid ordering; covariance on Source_Latitude/Source_Longitude",1.3542,0,1,0.0684,0.0754,0.1439,18126,16698,0.9212,16.0624,0.2603,1.5576,1,16698,10.0000,10,16698,10,10,range_only,16.0624,,1.5576
20240703,2,3,2024_07_y24m07day03_hm03:53,8,x8,nugget_free,0.5000,lat,sigma_only,HybridSpaceIso_A10_exactloc,hybrid_space_iso_tonly_exactloc,"2D grid thinning by stride in both lat/lon, then max-min hybrid ordering; covariance on Source_Latitude/Source_Longitude",1.8654,0,1,0.0011,0.0020,0.0031,300,279,0.9300,11.2886,0.9140,8.5017,1,279,10.0000,10,279,10,10,sigma_only,,0.9140,8.5017
20240703,2,3,2024_07_y24m07day03_hm03:53,8,x8,nugget_free,0.5000,lat,range_only,HybridSpaceIso_A10_exactloc,hybrid_space_iso_tonly_exactloc,"2D grid thinning by stride in both lat/lon, then max-min hybrid ordering; covariance on Source_Latitude/Source_Longitude",1.8654,0,1,0.0011,0.0016,0.0027,300,279,0.9300,11.2886,0.9140,8.5017,1,279,10.0000,10,279,10,10,range_only,11.2886,,8.5017
20240703,2,3,2024_07_y24m07day03_hm03:53,4,x4,nugget_free,0.5000,lat,sigma_only,HybridSpaceIso_A10_exactloc,hybrid_space_iso_tonly_exactloc,"2D grid thinning by stride in both lat/lon, then max-min hybrid ordering; covariance on Source_Latitude/Source_Longitude",1.7418,0,1,0.0098,0.0268,0.0367,1160,1080,0.9310,13.7264,0.5812,5.5231,1,1080,10.0000,10,1080,10,10,sigma_only,,0.5812,5.5231
20240703,2,3,2024_07_y24m07day03_hm03:53,4,x4,nugget_free,0.5000,lat,range_only,HybridSpaceIso_A10_exactloc,hybrid_space_iso_tonly_exactloc,"2D grid thinning by stride in both lat/lon, then max-min hybrid ordering; covariance on Source_Latitude/Source_Longitude",1.7418,0,1,0.0098,0.0322,0.0420,1160,1080,0.9310,13.7264,0.5812,5.5231,1,1080,10.0000,10,1080,10,10,range_only,13.7264,,5.5231
20240703,2,3,2024_07_y24m07day03_hm03:53,2,x2,nugget_free,0.5000,lat,sigma_only,HybridSpaceIso_A10_exactloc,hybrid_space_iso_tonly_exactloc,"2D grid thinning by stride in both lat/lon, then max-min hybrid ordering; covariance on Source_Latitude/Source_Longitude",1.5682,0,1,0.0413,0.2040,0.2453,4560,4231,0.9279,15.5533,0.4365,3.4958,1,4231,10.0000,10,4231,10,10,sigma_only,,0.4365,3.4958
20240703,2,3,2024_07_y24m07day03_hm03:53,2,x2,nugget_free,0.5000,lat,range_only,HybridSpaceIso_A10_exactloc,hybrid_space_iso_tonly_exactloc,"2D grid thinning by stride in both lat/lon, then max-min hybrid ordering; covariance on Source_Latitude/Source_Longitude",1.5682,0,1,0.0413,0.0201,0.0614,4560,4231,0.9279,15.5533,0.4365,3.4958,1,4231,10.0000,10,4231,10,10,range_only,15.5533,,3.4958
20240703,2,3,2024_07_y24m07day03_hm03:53,1,x1,nugget_free,0.5000,lat,sigma_only,HybridSpaceIso_A10_exactloc,hybrid_space_iso_tonly_exactloc,"2D grid thinning by stride in both lat/lon, then max-min hybrid ordering; covariance on Source_Latitude/Source_Longitude",1.3795,0,1,0.0941,0.2179,0.3119,18126,16863,0.9303,17.7239,0.2502,1.3836,1,16863,10.0000,10,16863,10,10,sigma_only,,0.2502,1.3836
20240703,2,3,2024_07_y24m07day03_hm03:53,1,x1,nugget_free,0.5000,lat,range_only,HybridSpaceIso_A10_exactloc,hybrid_space_iso_tonly_exactloc,"2D grid thinning by stride in both lat/lon, then max-min hybrid ordering; covariance on Source_Latitude/Source_Longitude",1.3795,0,1,0.0941,0.0650,0.1590,18126,16863,0.9303,17.7239,0.2502,1.3836,1,16863,10.0000,10,16863,10,10,range_only,17.7239,,1.3836
20240703,2,4,2024_07_y24m07day03_hm04:48,8,x8,nugget_free,0.5000,lat,sigma_only,HybridSpaceIso_A10_exactloc,hybrid_space_iso_tonly_exactloc,"2D grid thinning by stride in both lat/lon, then max-min hybrid ordering; covariance on Source_Latitude/Source_Longitude",1.9246,0,1,0.0011,0.0018,0.0029,300,284,0.9467,9.4995,0.9211,11.1732,1,284,10.0000,10,284,10,10,sigma_only,,0.9211,11.1732
20240703,2,4,2024_07_y24m07day03_hm04:48,8,x8,nugget_free,0.5000,lat,range_only,HybridSpaceIso_A10_exactloc,hybrid_space_iso_tonly_exactloc,"2D grid thinning by stride in both lat/lon, then max-min hybrid ordering; covariance on Source_Latitude/Source_Longitude",1.9246,0,1,0.0011,0.0016,0.0027,300,284,0.9467,9.4995,0.9211,11.1732,1,284,10.0000,10,284,10,10,range_only,9.4995,,11.1732
20240703,2,4,2024_07_y24m07day03_hm04:48,4,x4,nugget_free,0.5000,lat,sigma_only,HybridSpaceIso_A10_exactloc,hybrid_space_iso_tonly_exactloc,"2D grid thinning by stride in both lat/lon, then max-min hybrid ordering; covariance on Source_Latitude/Source_Longitude",1.7938,0,1,0.0260,0.0922,0.1182,1160,1093,0.9422,12.7594,0.6153,7.2093,1,1093,10.0000,10,1093,10,10,sigma_only,,0.6153,7.2093
20240703,2,4,2024_07_y24m07day03_hm04:48,4,x4,nugget_free,0.5000,lat,range_only,HybridSpaceIso_A10_exactloc,hybrid_space_iso_tonly_exactloc,"2D grid thinning by stride in both lat/lon, then max-min hybrid ordering; covariance on Source_Latitude/Source_Longitude",1.7938,0,1,0.0260,0.1020,0.1280,1160,1093,0.9422,12.7594,0.6153,7.2093,1,1093,10.0000,10,1093,10,10,range_only,12.7594,,7.2093
20240703,2,4,2024_07_y24m07day03_hm04:48,2,x2,nugget_free,0.5000,lat,sigma_only,HybridSpaceIso_A10_exactloc,hybrid_space_iso_tonly_exactloc,"2D grid thinning by stride in both lat/lon, then max-min hybrid ordering; covariance on Source_Latitude/Source_Longitude",1.6476,7,8,0.0232,0.3713,0.3946,4560,4289,0.9406,15.7915,0.3526,3.9361,1,4289,10.0000,10,4289,10,10,sigma_only,,0.3526,3.9361
20240703,2,4,2024_07_y24m07day03_hm04:48,2,x2,nugget_free,0.5000,lat,range_only,HybridSpaceIso_A10_exactloc,hybrid_space_iso_tonly_exactloc,"2D grid thinning by stride in both lat/lon, then max-min hybrid ordering; covariance on Source_Latitude/Source_Longitude",1.6476,7,8,0.0232,0.1657,0.1889,4560,4289,0.9406,15.7915,0.3526,3.9361,1,4289,10.0000,10,4289,10,10,range_only,15.7915,,3.9361
20240703,2,4,2024_07_y24m07day03_hm04:48,1,x1,nugget_free,0.5000,lat,sigma_only,HybridSpaceIso_A10_exactloc,hybrid_space_iso_tonly_exactloc,"2D grid thinning by stride in both lat/lon, then max-min hybrid ordering; covariance on Source_Latitude/Source_Longitude",1.4185,0,1,0.0954,0.2059,0.3013,18126,17088,0.9427,18.1515,0.2180,1.2483,1,17088,10.0000,10,17088,10,10,sigma_only,,0.2180,1.2483
20240703,2,4,2024_07_y24m07day03_hm04:48,1,x1,nugget_free,0.5000,lat,range_only,HybridSpaceIso_A10_exactloc,hybrid_space_iso_tonly_exactloc,"2D grid thinning by stride in both lat/lon, then max-min hybrid ordering; covariance on Source_Latitude/Source_Longitude",1.4185,0,1,0.0954,0.0724,0.1679,18126,17088,0.9427,18.1515,0.2180,1.2483,1,17088,10.0000,10,17088,10,10,range_only,18.1515,,1.2483
20240703,2,5,2024_07_y24m07day03_hm05:48,8,x8,nugget_free,0.5000,lat,sigma_only,HybridSpaceIso_A10_exactloc,hybrid_space_iso_tonly_exactloc,"2D grid thinning by stride in both lat/lon, then max-min hybrid ordering; covariance on Source_Latitude/Source_Longitude",1.8718,0,1,0.0011,0.0018,0.0029,300,293,0.9767,8.2109,0.4734,8.7032,1,293,10.0000,10,293,10,10,sigma_only,,0.4734,8.7032
20240703,2,5,2024_07_y24m07day03_hm05:48,8,x8,nugget_free,0.5000,lat,range_only,HybridSpaceIso_A10_exactloc,hybrid_space_iso_tonly_exactloc,"2D grid thinning by stride in both lat/lon, then max-min hybrid ordering; covariance on Source_Latitude/Source_Longitude",1.8718,0,1,0.0011,0.0017,0.0028,300,293,0.9767,8.2109,0.4734,8.7032,1,293,10.0000,10,293,10,10,range_only,8.2109,,8.7032
20240703,2,5,2024_07_y24m07day03_hm05:48,4,x4,nugget_free,0.5000,lat,sigma_only,HybridSpaceIso_A10_exactloc,hybrid_space_iso_tonly_exactloc,"2D grid thinning by stride in both lat/lon, then max-min hybrid ordering; covariance on Source_Latitude/Source_Longitude",1.7710,0,1,0.0097,0.0310,0.0408,1160,1134,0.9776,12.5935,0.4485,5.6859,1,1134,10.0000,10,1134,10,10,sigma_only,,0.4485,5.6859
20240703,2,5,2024_07_y24m07day03_hm05:48,4,x4,nugget_free,0.5000,lat,range_only,HybridSpaceIso_A10_exactloc,hybrid_space_iso_tonly_exactloc,"2D grid thinning by stride in both lat/lon, then max-min hybrid ordering; covariance on Source_Latitude/Source_Longitude",1.7710,0,1,0.0097,0.0700,0.0797,1160,1134,0.9776,12.5935,0.4485,5.6859,1,1134,10.0000,10,1134,10,10,range_only,12.5935,,5.6859
20240703,2,5,2024_07_y24m07day03_hm05:48,2,x2,nugget_free,0.5000,lat,sigma_only,HybridSpaceIso_A10_exactloc,hybrid_space_iso_tonly_exactloc,"2D grid thinning by stride in both lat/lon, then max-min hybrid ordering; covariance on Source_Latitude/Source_Longitude",1.6130,0,1,0.0270,0.2343,0.2613,4560,4468,0.9798,14.6340,0.3059,3.2459,1,4468,10.0000,10,4468,10,10,sigma_only,,0.3059,3.2459
20240703,2,5,2024_07_y24m07day03_hm05:48,2,x2,nugget_free,0.5000,lat,range_only,HybridSpaceIso_A10_exactloc,hybrid_space_iso_tonly_exactloc,"2D grid thinning by stride in both lat/lon, then max-min hybrid ordering; covariance on Source_Latitude/Source_Longitude",1.6130,0,1,0.0270,0.0212,0.0481,4560,4468,0.9798,14.6340,0.3059,3.2459,1,4468,10.0000,10,4468,10,10,range_only,14.6340,,3.2459
20240703,2,5,2024_07_y24m07day03_hm05:48,1,x1,nugget_free,0.5000,lat,sigma_only,HybridSpaceIso_A10_exactloc,hybrid_space_iso_tonly_exactloc,"2D grid thinning by stride in both lat/lon, then max-min hybrid ordering; covariance on Source_Latitude/Source_Longitude",1.4190,0,1,0.0699,0.2316,0.3015,18126,17760,0.9798,15.8995,0.1915,1.3295,1,17760,10.0000,10,17760,10,10,sigma_only,,0.1915,1.3295
20240703,2,5,2024_07_y24m07day03_hm05:48,1,x1,nugget_free,0.5000,lat,range_only,HybridSpaceIso_A10_exactloc,hybrid_space_iso_tonly_exactloc,"2D grid thinning by stride in both lat/lon, then max-min hybrid ordering; covariance on Source_Latitude/Source_Longitude",1.4190,0,1,0.0699,0.0762,0.1462,18126,17760,0.9798,15.8995,0.1915,1.3295,1,17760,10.0000,10,17760,10,10,range_only,15.8995,,1.3295
20240703,2,6,2024_07_y24m07day03_hm06:48,8,x8,nugget_free,0.5000,lat,sigma_only,HybridSpaceIso_A10_exactloc,hybrid_space_iso_tonly_exactloc,"2D grid thinning by stride in both lat/lon, then max-min hybrid ordering; covariance on Source_Latitude/Source_Longitude",1.8232,0,1,0.0011,0.0019,0.0030,300,298,0.9933,5.4411,0.5741,9.6730,1,298,10.0000,10,298,10,10,sigma_only,,0.5741,9.6730
20240703,2,6,2024_07_y24m07day03_hm06:48,8,x8,nugget_free,0.5000,lat,range_only,HybridSpaceIso_A10_exactloc,hybrid_space_iso_tonly_exactloc,"2D grid thinning by stride in both lat/lon, then max-min hybrid ordering; covariance on Source_Latitude/Source_Longitude",1.8232,0,1,0.0011,0.0016,0.0027,300,298,0.9933,5.4411,0.5741,9.6730,1,298,10.0000,10,298,10,10,range_only,5.4411,,9.6730
20240703,2,6,2024_07_y24m07day03_hm06:48,4,x4,nugget_free,0.5000,lat,sigma_only,HybridSpaceIso_A10_exactloc,hybrid_space_iso_tonly_exactloc,"2D grid thinning by stride in both lat/lon, then max-min hybrid ordering; covariance on Source_Latitude/Source_Longitude",1.7799,0,1,0.0113,0.0333,0.0446,1160,1156,0.9966,11.3034,0.3822,5.9260,1,1156,10.0000,10,1156,10,10,sigma_only,,0.3822,5.9260
20240703,2,6,2024_07_y24m07day03_hm06:48,4,x4,nugget_free,0.5000,lat,range_only,HybridSpaceIso_A10_exactloc,hybrid_space_iso_tonly_exactloc,"2D grid thinning by stride in both lat/lon, then max-min hybrid ordering; covariance on Source_Latitude/Source_Longitude",1.7799,0,1,0.0113,0.0444,0.0558,1160,1156,0.9966,11.3034,0.3822,5.9260,1,1156,10.0000,10,1156,10,10,range_only,11.3034,,5.9260
20240703,2,6,2024_07_y24m07day03_hm06:48,2,x2,nugget_free,0.5000,lat,sigma_only,HybridSpaceIso_A10_exactloc,hybrid_space_iso_tonly_exactloc,"2D grid thinning by stride in both lat/lon, then max-min hybrid ordering; covariance on Source_Latitude/Source_Longitude",1.5961,0,1,0.0248,0.2384,0.2632,4560,4549,0.9976,11.3659,0.3814,4.6250,1,4549,10.0000,10,4549,10,10,sigma_only,,0.3814,4.6250
20240703,2,6,2024_07_y24m07day03_hm06:48,2,x2,nugget_free,0.5000,lat,range_only,HybridSpaceIso_A10_exactloc,hybrid_space_iso_tonly_exactloc,"2D grid thinning by stride in both lat/lon, then max-min hybrid ordering; covariance on Source_Latitude/Source_Longitude",1.5961,0,1,0.0248,0.0212,0.0460,4560,4549,0.9976,11.3659,0.3814,4.6250,1,4549,10.0000,10,4549,10,10,range_only,11.3659,,4.6250
20240703,2,6,2024_07_y24m07day03_hm06:48,1,x1,nugget_free,0.5000,lat,sigma_only,HybridSpaceIso_A10_exactloc,hybrid_space_iso_tonly_exactloc,"2D grid thinning by stride in both lat/lon, then max-min hybrid ordering; covariance on Source_Latitude/Source_Longitude",1.3760,0,1,0.0642,0.2552,0.3194,18126,18104,0.9988,13.6628,0.1718,1.1297,1,18104,10.0000,10,18104,10,10,sigma_only,,0.1718,1.1297
20240703,2,6,2024_07_y24m07day03_hm06:48,1,x1,nugget_free,0.5000,lat,range_only,HybridSpaceIso_A10_exactloc,hybrid_space_iso_tonly_exactloc,"2D grid thinning by stride in both lat/lon, then max-min hybrid ordering; covariance on Source_Latitude/Source_Longitude",1.3760,0,1,0.0642,0.0757,0.1399,18126,18104,0.9988,13.6628,0.1718,1.1297,1,18104,10.0000,10,18104,10,10,range_only,13.6628,,1.1297
20240703,2,7,2024_07_y24m07day03_hm07:48,8,x8,nugget_free,0.5000,lat,sigma_only,HybridSpaceIso_A10_exactloc,hybrid_space_iso_tonly_exactloc,"2D grid thinning by stride in both lat/lon, then max-min hybrid ordering; covariance on Source_Latitude/Source_Longitude",1.7447,0,1,0.0011,0.0019,0.0030,300,297,0.9900,8.9589,0.4849,4.9920,1,297,10.0000,10,297,10,10,sigma_only,,0.4849,4.9920
20240703,2,7,2024_07_y24m07day03_hm07:48,8,x8,nugget_free,0.5000,lat,range_only,HybridSpaceIso_A10_exactloc,hybrid_space_iso_tonly_exactloc,"2D grid thinning by stride in both lat/lon, then max-min hybrid ordering; covariance on Source_Latitude/Source_Longitude",1.7447,0,1,0.0011,0.0017,0.0028,300,297,0.9900,8.9589,0.4849,4.9920,1,297,10.0000,10,297,10,10,range_only,8.9589,,4.9920
20240703,2,7,2024_07_y24m07day03_hm07:48,4,x4,nugget_free,0.5000,lat,sigma_only,HybridSpaceIso_A10_exactloc,hybrid_space_iso_tonly_exactloc,"2D grid thinning by stride in both lat/lon, then max-min hybrid ordering; covariance on Source_Latitude/Source_Longitude",1.6208,0,1,0.0095,0.0967,0.1062,1160,1154,0.9948,9.8895,0.4633,4.0882,1,1154,10.0000,10,1154,10,10,sigma_only,,0.4633,4.0882
20240703,2,7,2024_07_y24m07day03_hm07:48,4,x4,nugget_free,0.5000,lat,range_only,HybridSpaceIso_A10_exactloc,hybrid_space_iso_tonly_exactloc,"2D grid thinning by stride in both lat/lon, then max-min hybrid ordering; covariance on Source_Latitude/Source_Longitude",1.6208,0,1,0.0095,0.0651,0.0746,1160,1154,0.9948,9.8895,0.4633,4.0882,1,1154,10.0000,10,1154,10,10,range_only,9.8895,,4.0882
20240703,2,7,2024_07_y24m07day03_hm07:48,2,x2,nugget_free,0.5000,lat,sigma_only,HybridSpaceIso_A10_exactloc,hybrid_space_iso_tonly_exactloc,"2D grid thinning by stride in both lat/lon, then max-min hybrid ordering; covariance on Source_Latitude/Source_Longitude",1.5158,0,1,0.0559,0.2026,0.2585,4560,4548,0.9974,10.5934,0.3319,3.3485,1,4548,10.0000,10,4548,10,10,sigma_only,,0.3319,3.3485
20240703,2,7,2024_07_y24m07day03_hm07:48,2,x2,nugget_free,0.5000,lat,range_only,HybridSpaceIso_A10_exactloc,hybrid_space_iso_tonly_exactloc,"2D grid thinning by stride in both lat/lon, then max-min hybrid ordering; covariance on Source_Latitude/Source_Longitude",1.5158,0,1,0.0559,0.0202,0.0761,4560,4548,0.9974,10.5934,0.3319,3.3485,1,4548,10.0000,10,4548,10,10,range_only,10.5934,,3.3485
20240703,2,7,2024_07_y24m07day03_hm07:48,1,x1,nugget_free,0.5000,lat,sigma_only,HybridSpaceIso_A10_exactloc,hybrid_space_iso_tonly_exactloc,"2D grid thinning by stride in both lat/lon, then max-min hybrid ordering; covariance on Source_Latitude/Source_Longitude",1.3944,0,1,0.1745,0.0888,0.2633,18126,18102,0.9987,12.2152,0.1791,1.7731,1,18102,10.0000,10,18102,10,10,sigma_only,,0.1791,1.7731
20240703,2,7,2024_07_y24m07day03_hm07:48,1,x1,nugget_free,0.5000,lat,range_only,HybridSpaceIso_A10_exactloc,hybrid_space_iso_tonly_exactloc,"2D grid thinning by stride in both lat/lon, then max-min hybrid ordering; covariance on Source_Latitude/Source_Longitude",1.3944,0,1,0.1745,0.0763,0.2508,18126,18102,0.9987,12.2152,0.1791,1.7731,1,18102,10.0000,10,18102,10,10,range_only,12.2152,,1.7731
20240703,2,0,2024_07_y24m07day03_hm00:53,8,x8,nugget0,0.5000,lat,sigma_only,HybridSpaceIsoNoNugget_A10_exactloc,hybrid_space_iso_nugget0_tonly_exactloc,"2D grid thinning by stride in both lat/lon, then max-min hybrid ordering; covariance on Source_Latitude/Source_Longitude",1.7276,0,1,0.0011,0.0019,0.0030,300,300,1.0000,14.3423,0.3743,0.0000,1,300,10.0000,10,300,10,10,sigma_only,,0.3743,0.0000
20240703,2,0,2024_07_y24m07day03_hm00:53,8,x8,nugget0,0.5000,lat,range_only,HybridSpaceIsoNoNugget_A10_exactloc,hybrid_space_iso_nugget0_tonly_exactloc,"2D grid thinning by stride in both lat/lon, then max-min hybrid ordering; covariance on Source_Latitude/Source_Longitude",1.7276,0,1,0.0011,0.0016,0.0027,300,300,1.0000,14.3423,0.3743,0.0000,1,300,10.0000,10,300,10,10,range_only,14.3423,,0.0000
20240703,2,0,2024_07_y24m07day03_hm00:53,4,x4,nugget0,0.5000,lat,sigma_only,HybridSpaceIsoNoNugget_A10_exactloc,hybrid_space_iso_nugget0_tonly_exactloc,"2D grid thinning by stride in both lat/lon, then max-min hybrid ordering; covariance on Source_Latitude/Source_Longitude",1.6068,0,1,0.0101,0.0274,0.0375,1160,1160,1.0000,14.0144,0.2759,0.0000,1,1160,10.0000,10,1160,10,10,sigma_only,,0.2759,0.0000
20240703,2,0,2024_07_y24m07day03_hm00:53,4,x4,nugget0,0.5000,lat,range_only,HybridSpaceIsoNoNugget_A10_exactloc,hybrid_space_iso_nugget0_tonly_exactloc,"2D grid thinning by stride in both lat/lon, then max-min hybrid ordering; covariance on Source_Latitude/Source_Longitude",1.6068,0,1,0.0101,0.1048,0.1149,1160,1160,1.0000,14.0144,0.2759,0.0000,1,1160,10.0000,10,1160,10,10,range_only,14.0144,,0.0000
20240703,2,0,2024_07_y24m07day03_hm00:53,2,x2,nugget0,0.5000,lat,sigma_only,HybridSpaceIsoNoNugget_A10_exactloc,hybrid_space_iso_nugget0_tonly_exactloc,"2D grid thinning by stride in both lat/lon, then max-min hybrid ordering; covariance on Source_Latitude/Source_Longitude",1.7396,0,1,0.0261,0.2306,0.2567,4560,4531,0.9936,17.2251,0.1241,0.0000,1,4531,10.0000,10,4531,10,10,sigma_only,,0.1241,0.0000
20240703,2,0,2024_07_y24m07day03_hm00:53,2,x2,nugget0,0.5000,lat,range_only,HybridSpaceIsoNoNugget_A10_exactloc,hybrid_space_iso_nugget0_tonly_exactloc,"2D grid thinning by stride in both lat/lon, then max-min hybrid ordering; covariance on Source_Latitude/Source_Longitude",1.7396,0,1,0.0261,0.0189,0.0450,4560,4531,0.9936,17.2251,0.1241,0.0000,1,4531,10.0000,10,4531,10,10,range_only,17.2251,,0.0000
20240703,2,0,2024_07_y24m07day03_hm00:53,1,x1,nugget0,0.5000,lat,sigma_only,HybridSpaceIsoNoNugget_A10_exactloc,hybrid_space_iso_nugget0_tonly_exactloc,"2D grid thinning by stride in both lat/lon, then max-min hybrid ordering; covariance on Source_Latitude/Source_Longitude",1.4329,0,1,0.1990,0.0746,0.2736,18126,18067,0.9967,13.5228,0.1042,0.0000,1,18067,10.0000,10,18067,10,10,sigma_only,,0.1042,0.0000
20240703,2,0,2024_07_y24m07day03_hm00:53,1,x1,nugget0,0.5000,lat,range_only,HybridSpaceIsoNoNugget_A10_exactloc,hybrid_space_iso_nugget0_tonly_exactloc,"2D grid thinning by stride in both lat/lon, then max-min hybrid ordering; covariance on Source_Latitude/Source_Longitude",1.4329,0,1,0.1990,0.0738,0.2728,18126,18067,0.9967,13.5228,0.1042,0.0000,1,18067,10.0000,10,18067,10,10,range_only,13.5228,,0.0000
20240703,2,1,2024_07_y24m07day03_hm01:53,8,x8,nugget0,0.5000,lat,sigma_only,HybridSpaceIsoNoNugget_A10_exactloc,hybrid_space_iso_nugget0_tonly_exactloc,"2D grid thinning by stride in both lat/lon, then max-min hybrid ordering; covariance on Source_Latitude/Source_Longitude",1.7644,0,1,0.0011,0.0017,0.0028,300,293,0.9767,15.8234,0.3977,0.0000,1,293,10.0000,10,293,10,10,sigma_only,,0.3977,0.0000
20240703,2,1,2024_07_y24m07day03_hm01:53,8,x8,nugget0,0.5000,lat,range_only,HybridSpaceIsoNoNugget_A10_exactloc,hybrid_space_iso_nugget0_tonly_exactloc,"2D grid thinning by stride in both lat/lon, then max-min hybrid ordering; covariance on Source_Latitude/Source_Longitude",1.7644,0,1,0.0011,0.0015,0.0026,300,293,0.9767,15.8234,0.3977,0.0000,1,293,10.0000,10,293,10,10,range_only,15.8234,,0.0000
20240703,2,1,2024_07_y24m07day03_hm01:53,4,x4,nugget0,0.5000,lat,sigma_only,HybridSpaceIsoNoNugget_A10_exactloc,hybrid_space_iso_nugget0_tonly_exactloc,"2D grid thinning by stride in both lat/lon, then max-min hybrid ordering; covariance on Source_Latitude/Source_Longitude",1.6578,0,1,0.0232,0.0760,0.0992,1160,1134,0.9776,15.6320,0.2806,0.0000,1,1134,10.0000,10,1134,10,10,sigma_only,,0.2806,0.0000
20240703,2,1,2024_07_y24m07day03_hm01:53,4,x4,nugget0,0.5000,lat,range_only,HybridSpaceIsoNoNugget_A10_exactloc,hybrid_space_iso_nugget0_tonly_exactloc,"2D grid thinning by stride in both lat/lon, then max-min hybrid ordering; covariance on Source_Latitude/Source_Longitude",1.6578,0,1,0.0232,0.0426,0.0658,1160,1134,0.9776,15.6320,0.2806,0.0000,1,1134,10.0000,10,1134,10,10,range_only,15.6320,,0.0000
20240703,2,1,2024_07_y24m07day03_hm01:53,2,x2,nugget0,0.5000,lat,sigma_only,HybridSpaceIsoNoNugget_A10_exactloc,hybrid_space_iso_nugget0_tonly_exactloc,"2D grid thinning by stride in both lat/lon, then max-min hybrid ordering; covariance on Source_Latitude/Source_Longitude",1.5367,0,1,0.0643,0.2047,0.2691,4560,4437,0.9730,14.7067,0.1798,0.0000,1,4437,10.0000,10,4437,10,10,sigma_only,,0.1798,0.0000
20240703,2,1,2024_07_y24m07day03_hm01:53,2,x2,nugget0,0.5000,lat,range_only,HybridSpaceIsoNoNugget_A10_exactloc,hybrid_space_iso_nugget0_tonly_exactloc,"2D grid thinning by stride in both lat/lon, then max-min hybrid ordering; covariance on Source_Latitude/Source_Longitude",1.5367,0,1,0.0643,0.0193,0.0836,4560,4437,0.9730,14.7067,0.1798,0.0000,1,4437,10.0000,10,4437,10,10,range_only,14.7067,,0.0000
20240703,2,1,2024_07_y24m07day03_hm01:53,1,x1,nugget0,0.5000,lat,sigma_only,HybridSpaceIsoNoNugget_A10_exactloc,hybrid_space_iso_nugget0_tonly_exactloc,"2D grid thinning by stride in both lat/lon, then max-min hybrid ordering; covariance on Source_Latitude/Source_Longitude",1.3686,7,8,0.0964,0.7848,0.8812,18126,17670,0.9748,14.0683,0.1282,0.0000,1,17670,10.0000,10,17670,10,10,sigma_only,,0.1282,0.0000
20240703,2,1,2024_07_y24m07day03_hm01:53,1,x1,nugget0,0.5000,lat,range_only,HybridSpaceIsoNoNugget_A10_exactloc,hybrid_space_iso_nugget0_tonly_exactloc,"2D grid thinning by stride in both lat/lon, then max-min hybrid ordering; covariance on Source_Latitude/Source_Longitude",1.3686,0,1,0.0964,0.0791,0.1755,18126,17670,0.9748,14.0683,0.1282,0.0000,1,17670,10.0000,10,17670,10,10,range_only,14.0683,,0.0000
20240703,2,2,2024_07_y24m07day03_hm02:53,8,x8,nugget0,0.5000,lat,sigma_only,HybridSpaceIsoNoNugget_A10_exactloc,hybrid_space_iso_nugget0_tonly_exactloc,"2D grid thinning by stride in both lat/lon, then max-min hybrid ordering; covariance on Source_Latitude/Source_Longitude",1.8683,0,1,0.0012,0.0019,0.0032,300,272,0.9067,18.2854,0.3479,0.0000,1,272,10.0000,10,272,10,10,sigma_only,,0.3479,0.0000
20240703,2,2,2024_07_y24m07day03_hm02:53,8,x8,nugget0,0.5000,lat,range_only,HybridSpaceIsoNoNugget_A10_exactloc,hybrid_space_iso_nugget0_tonly_exactloc,"2D grid thinning by stride in both lat/lon, then max-min hybrid ordering; covariance on Source_Latitude/Source_Longitude",1.8683,0,1,0.0012,0.0016,0.0028,300,272,0.9067,18.2854,0.3479,0.0000,1,272,10.0000,10,272,10,10,range_only,18.2854,,0.0000
20240703,2,2,2024_07_y24m07day03_hm02:53,4,x4,nugget0,0.5000,lat,sigma_only,HybridSpaceIsoNoNugget_A10_exactloc,hybrid_space_iso_nugget0_tonly_exactloc,"2D grid thinning by stride in both lat/lon, then max-min hybrid ordering; covariance on Source_Latitude/Source_Longitude",1.7460,0,1,0.0061,0.0255,0.0316,1160,1064,0.9172,17.6989,0.2611,0.0000,1,1064,10.0000,10,1064,10,10,sigma_only,,0.2611,0.0000
20240703,2,2,2024_07_y24m07day03_hm02:53,4,x4,nugget0,0.5000,lat,range_only,HybridSpaceIsoNoNugget_A10_exactloc,hybrid_space_iso_nugget0_tonly_exactloc,"2D grid thinning by stride in both lat/lon, then max-min hybrid ordering; covariance on Source_Latitude/Source_Longitude",1.7460,0,1,0.0061,0.0268,0.0329,1160,1064,0.9172,17.6989,0.2611,0.0000,1,1064,10.0000,10,1064,10,10,range_only,17.6989,,0.0000
20240703,2,2,2024_07_y24m07day03_hm02:53,2,x2,nugget0,0.5000,lat,sigma_only,HybridSpaceIsoNoNugget_A10_exactloc,hybrid_space_iso_nugget0_tonly_exactloc,"2D grid thinning by stride in both lat/lon, then max-min hybrid ordering; covariance on Source_Latitude/Source_Longitude",1.5894,0,1,0.1658,0.0745,0.2404,4560,4183,0.9173,16.5330,0.1845,0.0000,1,4183,10.0000,10,4183,10,10,sigma_only,,0.1845,0.0000
20240703,2,2,2024_07_y24m07day03_hm02:53,2,x2,nugget0,0.5000,lat,range_only,HybridSpaceIsoNoNugget_A10_exactloc,hybrid_space_iso_nugget0_tonly_exactloc,"2D grid thinning by stride in both lat/lon, then max-min hybrid ordering; covariance on Source_Latitude/Source_Longitude",1.5894,0,1,0.1658,0.0175,0.1834,4560,4183,0.9173,16.5330,0.1845,0.0000,1,4183,10.0000,10,4183,10,10,range_only,16.5330,,0.0000
20240703,2,2,2024_07_y24m07day03_hm02:53,1,x1,nugget0,0.5000,lat,sigma_only,HybridSpaceIsoNoNugget_A10_exactloc,hybrid_space_iso_nugget0_tonly_exactloc,"2D grid thinning by stride in both lat/lon, then max-min hybrid ordering; covariance on Source_Latitude/Source_Longitude",1.3629,0,1,0.1434,0.1603,0.3037,18126,16698,0.9212,15.6463,0.1477,0.0000,1,16698,10.0000,10,16698,10,10,sigma_only,,0.1477,0.0000
20240703,2,2,2024_07_y24m07day03_hm02:53,1,x1,nugget0,0.5000,lat,range_only,HybridSpaceIsoNoNugget_A10_exactloc,hybrid_space_iso_nugget0_tonly_exactloc,"2D grid thinning by stride in both lat/lon, then max-min hybrid ordering; covariance on Source_Latitude/Source_Longitude",1.3629,0,1,0.1434,0.0821,0.2255,18126,16698,0.9212,15.6463,0.1477,0.0000,1,16698,10.0000,10,16698,10,10,range_only,15.6463,,0.0000
20240703,2,3,2024_07_y24m07day03_hm03:53,8,x8,nugget0,0.5000,lat,sigma_only,HybridSpaceIsoNoNugget_A10_exactloc,hybrid_space_iso_nugget0_tonly_exactloc,"2D grid thinning by stride in both lat/lon, then max-min hybrid ordering; covariance on Source_Latitude/Source_Longitude",1.8789,0,1,0.0011,0.0017,0.0028,300,279,0.9300,19.4212,0.3823,0.0000,1,279,10.0000,10,279,10,10,sigma_only,,0.3823,0.0000
20240703,2,3,2024_07_y24m07day03_hm03:53,8,x8,nugget0,0.5000,lat,range_only,HybridSpaceIsoNoNugget_A10_exactloc,hybrid_space_iso_nugget0_tonly_exactloc,"2D grid thinning by stride in both lat/lon, then max-min hybrid ordering; covariance on Source_Latitude/Source_Longitude",1.8789,0,1,0.0011,0.0015,0.0026,300,279,0.9300,19.4212,0.3823,0.0000,1,279,10.0000,10,279,10,10,range_only,19.4212,,0.0000
20240703,2,3,2024_07_y24m07day03_hm03:53,4,x4,nugget0,0.5000,lat,sigma_only,HybridSpaceIsoNoNugget_A10_exactloc,hybrid_space_iso_nugget0_tonly_exactloc,"2D grid thinning by stride in both lat/lon, then max-min hybrid ordering; covariance on Source_Latitude/Source_Longitude",1.7539,0,1,0.0088,0.0356,0.0444,1160,1080,0.9310,18.6877,0.2779,0.0000,1,1080,10.0000,10,1080,10,10,sigma_only,,0.2779,0.0000
20240703,2,3,2024_07_y24m07day03_hm03:53,4,x4,nugget0,0.5000,lat,range_only,HybridSpaceIsoNoNugget_A10_exactloc,hybrid_space_iso_nugget0_tonly_exactloc,"2D grid thinning by stride in both lat/lon, then max-min hybrid ordering; covariance on Source_Latitude/Source_Longitude",1.7539,0,1,0.0088,0.1611,0.1699,1160,1080,0.9310,18.6877,0.2779,0.0000,1,1080,10.0000,10,1080,10,10,range_only,18.6877,,0.0000
20240703,2,3,2024_07_y24m07day03_hm03:53,2,x2,nugget0,0.5000,lat,sigma_only,HybridSpaceIsoNoNugget_A10_exactloc,hybrid_space_iso_nugget0_tonly_exactloc,"2D grid thinning by stride in both lat/lon, then max-min hybrid ordering; covariance on Source_Latitude/Source_Longitude",1.5828,0,1,0.0369,0.2288,0.2657,4560,4231,0.9279,17.3335,0.1998,0.0000,1,4231,10.0000,10,4231,10,10,sigma_only,,0.1998,0.0000
20240703,2,3,2024_07_y24m07day03_hm03:53,2,x2,nugget0,0.5000,lat,range_only,HybridSpaceIsoNoNugget_A10_exactloc,hybrid_space_iso_nugget0_tonly_exactloc,"2D grid thinning by stride in both lat/lon, then max-min hybrid ordering; covariance on Source_Latitude/Source_Longitude",1.5828,0,1,0.0369,0.0190,0.0559,4560,4231,0.9279,17.3335,0.1998,0.0000,1,4231,10.0000,10,4231,10,10,range_only,17.3335,,0.0000
20240703,2,3,2024_07_y24m07day03_hm03:53,1,x1,nugget0,0.5000,lat,sigma_only,HybridSpaceIsoNoNugget_A10_exactloc,hybrid_space_iso_nugget0_tonly_exactloc,"2D grid thinning by stride in both lat/lon, then max-min hybrid ordering; covariance on Source_Latitude/Source_Longitude",1.3857,0,1,0.1329,0.1707,0.3036,18126,16863,0.9303,17.2287,0.1565,0.0000,1,16863,10.0000,10,16863,10,10,sigma_only,,0.1565,0.0000
20240703,2,3,2024_07_y24m07day03_hm03:53,1,x1,nugget0,0.5000,lat,range_only,HybridSpaceIsoNoNugget_A10_exactloc,hybrid_space_iso_nugget0_tonly_exactloc,"2D grid thinning by stride in both lat/lon, then max-min hybrid ordering; covariance on Source_Latitude/Source_Longitude",1.3857,0,1,0.1329,0.0713,0.2042,18126,16863,0.9303,17.2287,0.1565,0.0000,1,16863,10.0000,10,16863,10,10,range_only,17.2287,,0.0000
20240703,2,4,2024_07_y24m07day03_hm04:48,8,x8,nugget0,0.5000,lat,sigma_only,HybridSpaceIsoNoNugget_A10_exactloc,hybrid_space_iso_nugget0_tonly_exactloc,"2D grid thinning by stride in both lat/lon, then max-min hybrid ordering; covariance on Source_Latitude/Source_Longitude",1.9378,0,1,0.0012,0.0017,0.0029,300,284,0.9467,20.3718,0.3172,0.0000,1,284,10.0000,10,284,10,10,sigma_only,,0.3172,0.0000
20240703,2,4,2024_07_y24m07day03_hm04:48,8,x8,nugget0,0.5000,lat,range_only,HybridSpaceIsoNoNugget_A10_exactloc,hybrid_space_iso_nugget0_tonly_exactloc,"2D grid thinning by stride in both lat/lon, then max-min hybrid ordering; covariance on Source_Latitude/Source_Longitude",1.9378,0,1,0.0012,0.0015,0.0026,300,284,0.9467,20.3718,0.3172,0.0000,1,284,10.0000,10,284,10,10,range_only,20.3718,,0.0000
20240703,2,4,2024_07_y24m07day03_hm04:48,4,x4,nugget0,0.5000,lat,sigma_only,HybridSpaceIsoNoNugget_A10_exactloc,hybrid_space_iso_nugget0_tonly_exactloc,"2D grid thinning by stride in both lat/lon, then max-min hybrid ordering; covariance on Source_Latitude/Source_Longitude",1.8063,0,1,0.0236,0.1519,0.1755,1160,1093,0.9422,19.1110,0.2419,0.0000,1,1093,10.0000,10,1093,10,10,sigma_only,,0.2419,0.0000
20240703,2,4,2024_07_y24m07day03_hm04:48,4,x4,nugget0,0.5000,lat,range_only,HybridSpaceIsoNoNugget_A10_exactloc,hybrid_space_iso_nugget0_tonly_exactloc,"2D grid thinning by stride in both lat/lon, then max-min hybrid ordering; covariance on Source_Latitude/Source_Longitude",1.8063,0,1,0.0236,0.0642,0.0878,1160,1093,0.9422,19.1110,0.2419,0.0000,1,1093,10.0000,10,1093,10,10,range_only,19.1110,,0.0000
20240703,2,4,2024_07_y24m07day03_hm04:48,2,x2,nugget0,0.5000,lat,sigma_only,HybridSpaceIsoNoNugget_A10_exactloc,hybrid_space_iso_nugget0_tonly_exactloc,"2D grid thinning by stride in both lat/lon, then max-min hybrid ordering; covariance on Source_Latitude/Source_Longitude",1.6608,7,8,0.0324,0.3504,0.3828,4560,4289,0.9406,18.3978,0.1755,0.0000,1,4289,10.0000,10,4289,10,10,sigma_only,,0.1755,0.0000
20240703,2,4,2024_07_y24m07day03_hm04:48,2,x2,nugget0,0.5000,lat,range_only,HybridSpaceIsoNoNugget_A10_exactloc,hybrid_space_iso_nugget0_tonly_exactloc,"2D grid thinning by stride in both lat/lon, then max-min hybrid ordering; covariance on Source_Latitude/Source_Longitude",1.6608,7,8,0.0324,0.1474,0.1797,4560,4289,0.9406,18.3978,0.1755,0.0000,1,4289,10.0000,10,4289,10,10,range_only,18.3978,,0.0000
20240703,2,4,2024_07_y24m07day03_hm04:48,1,x1,nugget0,0.5000,lat,sigma_only,HybridSpaceIsoNoNugget_A10_exactloc,hybrid_space_iso_nugget0_tonly_exactloc,"2D grid thinning by stride in both lat/lon, then max-min hybrid ordering; covariance on Source_Latitude/Source_Longitude",1.4226,0,1,0.2322,0.0797,0.3119,18126,17088,0.9427,17.8150,0.1494,0.0000,1,17088,10.0000,10,17088,10,10,sigma_only,,0.1494,0.0000
20240703,2,4,2024_07_y24m07day03_hm04:48,1,x1,nugget0,0.5000,lat,range_only,HybridSpaceIsoNoNugget_A10_exactloc,hybrid_space_iso_nugget0_tonly_exactloc,"2D grid thinning by stride in both lat/lon, then max-min hybrid ordering; covariance on Source_Latitude/Source_Longitude",1.4226,0,1,0.2322,0.0769,0.3092,18126,17088,0.9427,17.8150,0.1494,0.0000,1,17088,10.0000,10,17088,10,10,range_only,17.8150,,0.0000
20240703,2,5,2024_07_y24m07day03_hm05:48,8,x8,nugget0,0.5000,lat,sigma_only,HybridSpaceIsoNoNugget_A10_exactloc,hybrid_space_iso_nugget0_tonly_exactloc,"2D grid thinning by stride in both lat/lon, then max-min hybrid ordering; covariance on Source_Latitude/Source_Longitude",1.8753,0,1,0.0015,0.0020,0.0035,300,293,0.9767,16.9531,0.2569,0.0000,1,293,10.0000,10,293,10,10,sigma_only,,0.2569,0.0000
20240703,2,5,2024_07_y24m07day03_hm05:48,8,x8,nugget0,0.5000,lat,range_only,HybridSpaceIsoNoNugget_A10_exactloc,hybrid_space_iso_nugget0_tonly_exactloc,"2D grid thinning by stride in both lat/lon, then max-min hybrid ordering; covariance on Source_Latitude/Source_Longitude",1.8753,0,1,0.0015,0.0017,0.0032,300,293,0.9767,16.9531,0.2569,0.0000,1,293,10.0000,10,293,10,10,range_only,16.9531,,0.0000
20240703,2,5,2024_07_y24m07day03_hm05:48,4,x4,nugget0,0.5000,lat,sigma_only,HybridSpaceIsoNoNugget_A10_exactloc,hybrid_space_iso_nugget0_tonly_exactloc,"2D grid thinning by stride in both lat/lon, then max-min hybrid ordering; covariance on Source_Latitude/Source_Longitude",1.7787,7,8,0.0067,0.2670,0.2737,1160,1134,0.9776,17.7120,0.2310,0.0000,1,1134,10.0000,10,1134,10,10,sigma_only,,0.2310,0.0000
20240703,2,5,2024_07_y24m07day03_hm05:48,4,x4,nugget0,0.5000,lat,range_only,HybridSpaceIsoNoNugget_A10_exactloc,hybrid_space_iso_nugget0_tonly_exactloc,"2D grid thinning by stride in both lat/lon, then max-min hybrid ordering; covariance on Source_Latitude/Source_Longitude",1.7787,7,8,0.0067,0.0416,0.0483,1160,1134,0.9776,17.7120,0.2310,0.0000,1,1134,10.0000,10,1134,10,10,range_only,17.7120,,0.0000
20240703,2,5,2024_07_y24m07day03_hm05:48,2,x2,nugget0,0.5000,lat,sigma_only,HybridSpaceIsoNoNugget_A10_exactloc,hybrid_space_iso_nugget0_tonly_exactloc,"2D grid thinning by stride in both lat/lon, then max-min hybrid ordering; covariance on Source_Latitude/Source_Longitude",1.6220,0,1,0.0227,0.2452,0.2679,4560,4468,0.9798,16.8167,0.1712,0.0000,1,4468,10.0000,10,4468,10,10,sigma_only,,0.1712,0.0000
20240703,2,5,2024_07_y24m07day03_hm05:48,2,x2,nugget0,0.5000,lat,range_only,HybridSpaceIsoNoNugget_A10_exactloc,hybrid_space_iso_nugget0_tonly_exactloc,"2D grid thinning by stride in both lat/lon, then max-min hybrid ordering; covariance on Source_Latitude/Source_Longitude",1.6220,0,1,0.0227,0.0200,0.0427,4560,4468,0.9798,16.8167,0.1712,0.0000,1,4468,10.0000,10,4468,10,10,range_only,16.8167,,0.0000
20240703,2,5,2024_07_y24m07day03_hm05:48,1,x1,nugget0,0.5000,lat,sigma_only,HybridSpaceIsoNoNugget_A10_exactloc,hybrid_space_iso_nugget0_tonly_exactloc,"2D grid thinning by stride in both lat/lon, then max-min hybrid ordering; covariance on Source_Latitude/Source_Longitude",1.4233,0,1,0.1112,0.1651,0.2763,18126,17760,0.9798,16.0401,0.1315,0.0000,1,17760,10.0000,10,17760,10,10,sigma_only,,0.1315,0.0000
20240703,2,5,2024_07_y24m07day03_hm05:48,1,x1,nugget0,0.5000,lat,range_only,HybridSpaceIsoNoNugget_A10_exactloc,hybrid_space_iso_nugget0_tonly_exactloc,"2D grid thinning by stride in both lat/lon, then max-min hybrid ordering; covariance on Source_Latitude/Source_Longitude",1.4233,0,1,0.1112,0.0707,0.1818,18126,17760,0.9798,16.0401,0.1315,0.0000,1,17760,10.0000,10,17760,10,10,range_only,16.0401,,0.0000
20240703,2,6,2024_07_y24m07day03_hm06:48,8,x8,nugget0,0.5000,lat,sigma_only,HybridSpaceIsoNoNugget_A10_exactloc,hybrid_space_iso_nugget0_tonly_exactloc,"2D grid thinning by stride in both lat/lon, then max-min hybrid ordering; covariance on Source_Latitude/Source_Longitude",1.8286,0,1,0.0011,0.0021,0.0032,300,298,0.9933,15.0266,0.2247,0.0000,1,298,10.0000,10,298,10,10,sigma_only,,0.2247,0.0000
20240703,2,6,2024_07_y24m07day03_hm06:48,8,x8,nugget0,0.5000,lat,range_only,HybridSpaceIsoNoNugget_A10_exactloc,hybrid_space_iso_nugget0_tonly_exactloc,"2D grid thinning by stride in both lat/lon, then max-min hybrid ordering; covariance on Source_Latitude/Source_Longitude",1.8286,0,1,0.0011,0.0016,0.0027,300,298,0.9933,15.0266,0.2247,0.0000,1,298,10.0000,10,298,10,10,range_only,15.0266,,0.0000
20240703,2,6,2024_07_y24m07day03_hm06:48,4,x4,nugget0,0.5000,lat,sigma_only,HybridSpaceIsoNoNugget_A10_exactloc,hybrid_space_iso_nugget0_tonly_exactloc,"2D grid thinning by stride in both lat/lon, then max-min hybrid ordering; covariance on Source_Latitude/Source_Longitude",1.7873,0,1,0.0208,0.0336,0.0543,1160,1156,0.9966,16.7469,0.1992,0.0000,1,1156,10.0000,10,1156,10,10,sigma_only,,0.1992,0.0000
20240703,2,6,2024_07_y24m07day03_hm06:48,4,x4,nugget0,0.5000,lat,range_only,HybridSpaceIsoNoNugget_A10_exactloc,hybrid_space_iso_nugget0_tonly_exactloc,"2D grid thinning by stride in both lat/lon, then max-min hybrid ordering; covariance on Source_Latitude/Source_Longitude",1.7873,0,1,0.0208,0.0419,0.0626,1160,1156,0.9966,16.7469,0.1992,0.0000,1,1156,10.0000,10,1156,10,10,range_only,16.7469,,0.0000
20240703,2,6,2024_07_y24m07day03_hm06:48,2,x2,nugget0,0.5000,lat,sigma_only,HybridSpaceIsoNoNugget_A10_exactloc,hybrid_space_iso_nugget0_tonly_exactloc,"2D grid thinning by stride in both lat/lon, then max-min hybrid ordering; covariance on Source_Latitude/Source_Longitude",1.6156,0,1,0.0632,0.1804,0.2437,4560,4549,0.9976,14.6273,0.1419,0.0000,1,4549,10.0000,10,4549,10,10,sigma_only,,0.1419,0.0000
20240703,2,6,2024_07_y24m07day03_hm06:48,2,x2,nugget0,0.5000,lat,range_only,HybridSpaceIsoNoNugget_A10_exactloc,hybrid_space_iso_nugget0_tonly_exactloc,"2D grid thinning by stride in both lat/lon, then max-min hybrid ordering; covariance on Source_Latitude/Source_Longitude",1.6156,0,1,0.0632,0.0184,0.0816,4560,4549,0.9976,14.6273,0.1419,0.0000,1,4549,10.0000,10,4549,10,10,range_only,14.6273,,0.0000
20240703,2,6,2024_07_y24m07day03_hm06:48,1,x1,nugget0,0.5000,lat,sigma_only,HybridSpaceIsoNoNugget_A10_exactloc,hybrid_space_iso_nugget0_tonly_exactloc,"2D grid thinning by stride in both lat/lon, then max-min hybrid ordering; covariance on Source_Latitude/Source_Longitude",1.3793,0,1,0.1017,0.2082,0.3099,18126,18104,0.9988,13.9675,0.1236,0.0000,1,18104,10.0000,10,18104,10,10,sigma_only,,0.1236,0.0000
20240703,2,6,2024_07_y24m07day03_hm06:48,1,x1,nugget0,0.5000,lat,range_only,HybridSpaceIsoNoNugget_A10_exactloc,hybrid_space_iso_nugget0_tonly_exactloc,"2D grid thinning by stride in both lat/lon, then max-min hybrid ordering; covariance on Source_Latitude/Source_Longitude",1.3793,0,1,0.1017,0.0997,0.2014,18126,18104,0.9988,13.9675,0.1236,0.0000,1,18104,10.0000,10,18104,10,10,range_only,13.9675,,0.0000
20240703,2,7,2024_07_y24m07day03_hm07:48,8,x8,nugget0,0.5000,lat,sigma_only,HybridSpaceIsoNoNugget_A10_exactloc,hybrid_space_iso_nugget0_tonly_exactloc,"2D grid thinning by stride in both lat/lon, then max-min hybrid ordering; covariance on Source_Latitude/Source_Longitude",1.7475,0,1,0.0014,0.0018,0.0032,300,297,0.9900,13.8863,0.3109,0.0000,1,297,10.0000,10,297,10,10,sigma_only,,0.3109,0.0000
20240703,2,7,2024_07_y24m07day03_hm07:48,8,x8,nugget0,0.5000,lat,range_only,HybridSpaceIsoNoNugget_A10_exactloc,hybrid_space_iso_nugget0_tonly_exactloc,"2D grid thinning by stride in both lat/lon, then max-min hybrid ordering; covariance on Source_Latitude/Source_Longitude",1.7475,0,1,0.0014,0.0016,0.0029,300,297,0.9900,13.8863,0.3109,0.0000,1,297,10.0000,10,297,10,10,range_only,13.8863,,0.0000
20240703,2,7,2024_07_y24m07day03_hm07:48,4,x4,nugget0,0.5000,lat,sigma_only,HybridSpaceIsoNoNugget_A10_exactloc,hybrid_space_iso_nugget0_tonly_exactloc,"2D grid thinning by stride in both lat/lon, then max-min hybrid ordering; covariance on Source_Latitude/Source_Longitude",1.6294,0,1,0.0148,0.1357,0.1505,1160,1154,0.9948,13.4580,0.2395,0.0000,1,1154,10.0000,10,1154,10,10,sigma_only,,0.2395,0.0000
20240703,2,7,2024_07_y24m07day03_hm07:48,4,x4,nugget0,0.5000,lat,range_only,HybridSpaceIsoNoNugget_A10_exactloc,hybrid_space_iso_nugget0_tonly_exactloc,"2D grid thinning by stride in both lat/lon, then max-min hybrid ordering; covariance on Source_Latitude/Source_Longitude",1.6294,0,1,0.0148,0.1077,0.1226,1160,1154,0.9948,13.4580,0.2395,0.0000,1,1154,10.0000,10,1154,10,10,range_only,13.4580,,0.0000
20240703,2,7,2024_07_y24m07day03_hm07:48,2,x2,nugget0,0.5000,lat,sigma_only,HybridSpaceIsoNoNugget_A10_exactloc,hybrid_space_iso_nugget0_tonly_exactloc,"2D grid thinning by stride in both lat/lon, then max-min hybrid ordering; covariance on Source_Latitude/Source_Longitude",1.5297,0,1,0.0774,0.1543,0.2317,4560,4548,0.9974,13.0156,0.1541,0.0000,1,4548,10.0000,10,4548,10,10,sigma_only,,0.1541,0.0000
20240703,2,7,2024_07_y24m07day03_hm07:48,2,x2,nugget0,0.5000,lat,range_only,HybridSpaceIsoNoNugget_A10_exactloc,hybrid_space_iso_nugget0_tonly_exactloc,"2D grid thinning by stride in both lat/lon, then max-min hybrid ordering; covariance on Source_Latitude/Source_Longitude",1.5297,0,1,0.0774,0.0193,0.0967,4560,4548,0.9974,13.0156,0.1541,0.0000,1,4548,10.0000,10,4548,10,10,range_only,13.0156,,0.0000
20240703,2,7,2024_07_y24m07day03_hm07:48,1,x1,nugget0,0.5000,lat,sigma_only,HybridSpaceIsoNoNugget_A10_exactloc,hybrid_space_iso_nugget0_tonly_exactloc,"2D grid thinning by stride in both lat/lon, then max-min hybrid ordering; covariance on Source_Latitude/Source_Longitude",1.4016,7,8,0.1149,0.7442,0.8590,18126,18102,0.9987,13.0733,0.1081,0.0000,1,18102,10.0000,10,18102,10,10,sigma_only,,0.1081,0.0000
20240703,2,7,2024_07_y24m07day03_hm07:48,1,x1,nugget0,0.5000,lat,range_only,HybridSpaceIsoNoNugget_A10_exactloc,hybrid_space_iso_nugget0_tonly_exactloc,"2D grid thinning by stride in both lat/lon, then max-min hybrid ordering; covariance on Source_Latitude/Source_Longitude",1.4016,0,1,0.1149,0.0833,0.1981,18126,18102,0.9987,13.0733,0.1081,0.0000,1,18102,10.0000,10,18102,10,10,range_only,13.0733,,0.0000
